<sketch id="8025669e-a747-417c-ae6e-41aaf7153e8e" units="himetric">
  <sketcher>
    <id>86bf5a7b-b71b-4912-a3aa-e686f5abdf1b</id>
    <dpi x="96" y="96" />
  </sketcher>
  <shape type="Stroke" id="5a6b5e88-5274-404e-abb2-19c2e40351c9" time="1180113658602" color="-16777216" width="150" height="1" penTip="Ball" raster="CopyPen" author="86bf5a7b-b71b-4912-a3aa-e686f5abdf1b" name="stroke" laysInk="true">
    <arg type="Point">2649bd1e-bc66-49d0-a77e-a9fb2f5bcaa7</arg>
    <arg type="Point">9100ff38-929a-4cef-b571-670c86de0de1</arg>
    <arg type="Point">fb73136e-789a-40ed-bf1d-50a8ae369960</arg>
    <arg type="Point">5417ce46-6f8a-4e63-b10b-b774509e2d00</arg>
    <arg type="Point">d700b03d-6c9d-4d8e-88a3-1eafb2fc7c52</arg>
    <arg type="Point">fd454964-ab46-48d3-bf3f-64a297979015</arg>
    <arg type="Point">d7eb9556-653c-4d5e-9326-beab877eb594</arg>
    <arg type="Point">0308184e-9f90-452b-abd0-e601f3885821</arg>
    <arg type="Point">31d8b83a-2071-4277-acef-e9eac9b90b64</arg>
    <arg type="Point">d0d596a8-2e76-4966-b512-f57cf079da80</arg>
    <arg type="Point">a8ec0ef8-369c-4c2b-80aa-8e63441bafba</arg>
    <arg type="Point">268440d2-8efe-48e2-aa11-67f23cbb979a</arg>
    <arg type="Point">73c8c2b5-51da-4b55-9b2d-33f5f6e36a99</arg>
    <arg type="Point">9bc5141c-1073-4a52-8e4b-2d43c9dacd1f</arg>
    <arg type="Point">d59dd371-a8de-4e42-a95f-39cf365ac32a</arg>
    <arg type="Point">a232a1c3-7c26-436e-a372-26a6f4b79f52</arg>
    <arg type="Point">b038c549-4c73-4981-a4f7-1ec27ef1108f</arg>
    <arg type="Point">349d0e00-c7b9-4616-a955-1fe236feea3f</arg>
    <arg type="Point">ba96b4c1-03b8-476c-80ee-08e33a29852a</arg>
    <arg type="Point">485f257b-4f8e-4518-93b1-5c8b26d57588</arg>
    <arg type="Point">0aea0a04-33cf-4aff-aff8-513d2cae7a2f</arg>
    <arg type="Point">a7ec7aa9-97b7-4b1a-85b8-5fb099b894cc</arg>
    <arg type="Point">e1db517e-5bdb-4849-bd11-fba558925a14</arg>
    <arg type="Point">8a1f53fc-cc91-45ee-9b91-ce16af99de95</arg>
    <arg type="Point">5d71c1fa-12ca-49a1-b764-1e1509c7a212</arg>
    <arg type="Point">ec7860fb-9c38-42b3-866a-1b23d4ba2230</arg>
    <arg type="Point">958d56bb-c574-459e-9fcc-e4ac9b290e23</arg>
    <arg type="Point">cf857884-40b0-40bd-8591-fee1983e17c2</arg>
    <arg type="Point">f35f32ab-78e1-4372-9a26-177d59009ae2</arg>
    <arg type="Point">8970905d-11e4-4f11-9e02-ab0d5b1ff4a1</arg>
    <arg type="Point">7025a777-4f1e-4f8a-bd3e-c44ad522b04f</arg>
    <arg type="Point">bc9eac5e-f2e0-4c4a-9db2-2d0146e41e73</arg>
    <arg type="Point">5f473aae-edea-41a0-8491-3be4b735f649</arg>
    <arg type="Point">c1b56346-f790-4a39-83bf-14987c6c868e</arg>
    <arg type="Point">89343697-3b6c-4e72-9ebd-b89d201847ad</arg>
    <arg type="Point">33d05fd9-31b2-4066-b057-f89714859d12</arg>
    <arg type="Point">a9919a17-6e2d-4066-b1ed-439de458338e</arg>
    <arg type="Point">ff25aca6-b8d4-44a7-8a7e-29d2822a61ac</arg>
    <arg type="Point">082ec76c-e80f-406f-a887-e5ae8a7ff1c0</arg>
    <arg type="Point">c4a815f5-a11e-46a8-92fb-f2feb1c5e5f2</arg>
    <arg type="Point">69719710-3438-45b0-a2b6-33aab5378978</arg>
    <arg type="Point">ab5bf22a-6c06-4a59-b024-24059644eb1f</arg>
    <arg type="Point">1467f6b0-0be9-4421-8fa8-09b713f004f0</arg>
    <arg type="Point">60224bed-b2c1-4e37-a595-3e0296bc5646</arg>
    <arg type="Point">de8385de-b5a3-412e-a655-4bad4f469fb0</arg>
    <arg type="Point">f422c29b-9d85-427c-9ab2-965ed2562071</arg>
    <arg type="Point">3a43407b-9b97-4914-ae3b-17d5cd885424</arg>
    <arg type="Point">a6123daf-3318-4358-bc05-e146e0d2bbf3</arg>
    <arg type="Point">40ca2b5f-29f4-434b-b218-72f851d45e2e</arg>
    <arg type="Point">847b3a76-7b8e-44fa-8881-804c71d622ef</arg>
    <arg type="Point">ae6df86a-99b1-4bf8-9277-8c09f9e668ac</arg>
    <arg type="Point">a2762b80-08f8-4f54-94a8-40848ff04d31</arg>
    <arg type="Point">902311dc-a61a-4425-ada7-901f1f1a2066</arg>
    <arg type="Point">f11c736e-4b5e-44a6-babb-d483a6655f39</arg>
    <arg type="Point">a86d8c0e-1bc0-4eb6-986b-92ec1babc1c4</arg>
    <arg type="Point">2ebb1707-d761-4cc8-a54a-70498dc4baa7</arg>
    <arg type="Point">fb63527f-c854-4530-8275-83e94d454676</arg>
    <arg type="Point">4ff31fc0-69bb-4d54-9f33-ce026d626d69</arg>
    <arg type="Point">769008e8-784d-4769-b295-fdf6a67f62e5</arg>
    <arg type="Point">98ead5ed-706d-4bb9-a368-bbd47548b12a</arg>
    <arg type="Point">cd887520-21bd-4d58-8b53-eaa91fe0a8a4</arg>
    <arg type="Point">70724bc9-4c75-4a8e-a5fb-aed4018cb02c</arg>
    <arg type="Point">08a93a7d-a025-4b7e-9c90-03f929791d99</arg>
    <arg type="Point">c9e6e1e3-2476-4d14-911f-b85d6ad09fb5</arg>
    <arg type="Point">bf935408-a53f-4454-a0d4-e07ff55f9e01</arg>
    <arg type="Point">d32043f5-1bbe-4d99-bada-faa5c57b1157</arg>
    <arg type="Point">0ddb15e8-bada-469d-a425-a44dfcb6a4a7</arg>
    <arg type="Point">49e4274f-ca2c-4b38-99d1-7c3473188c2c</arg>
    <arg type="Point">84045b6b-9b4b-4cfe-abb8-5b0b0dded55f</arg>
    <arg type="Point">6f427092-8646-4ad7-bc41-2a56657a0126</arg>
    <arg type="Point">9efc22fd-16dc-4d51-bf16-4e8fa67b72fe</arg>
    <arg type="Point">ac4e516c-fdd3-4aeb-820a-049e6f084f7d</arg>
    <arg type="Point">14c0d7d9-53f9-440c-b0e8-e10c91e74adb</arg>
    <arg type="Point">ce2f8da8-07da-483a-b473-ef5d93a27346</arg>
    <arg type="Point">39459bc6-ac8e-4633-8f17-5d3fae3c6d56</arg>
    <arg type="Point">778e1822-8338-47de-ae53-7696a8a1fbbb</arg>
    <arg type="Point">6c6f9ca5-afa3-4c9d-bfbd-37dcd3ad00d9</arg>
    <arg type="Point">40ac34e2-1922-4816-8da7-929c386e39a8</arg>
    <arg type="Point">24609dac-0bab-4b5e-8b5f-8181ec0864a8</arg>
    <arg type="Point">2a5ee91f-725a-4830-8f41-60b6ba205af4</arg>
    <arg type="Point">cb9b545e-31e1-4e44-9c6c-6072aad76cba</arg>
    <arg type="Point">d4a46026-5c4f-454a-a939-d1a9e11a45d2</arg>
    <arg type="Point">df1f72c0-3d45-4d5a-997e-925da48160bb</arg>
    <arg type="Point">a346a875-63f4-4dcc-b701-8cca359e9aef</arg>
    <arg type="Point">2eb60b0f-558a-430e-9794-204491662035</arg>
    <arg type="Point">fbacd137-bffd-48bf-a9f4-b02fb099f4eb</arg>
    <arg type="Point">7c81186d-1a80-4cbf-8b95-a75e0a07c0fd</arg>
    <arg type="Point">2c6aaa17-aaad-4907-a3f1-e3a3a8ea0f11</arg>
    <arg type="Point">894a507c-ba74-47e9-aa22-d8d8cf5d2d7a</arg>
    <arg type="Point">5e9c375f-cff2-4cf1-aef9-d2f97486fea2</arg>
    <arg type="Point">52040126-cb39-4b13-8366-b9210d326c22</arg>
    <arg type="Point">7cbbe88e-462d-4864-ac87-3fd03736edfe</arg>
    <arg type="Point">6dfa78c0-f872-4fd1-aa52-853e9fe587fd</arg>
    <arg type="Point">a5df8202-02a2-4820-8a86-2349dadd960d</arg>
    <arg type="Point">6a1f2fe4-2d56-4c3f-a83a-6379d3aabd4a</arg>
    <arg type="Point">2eb967f8-b037-45a6-914d-5840f76e6973</arg>
    <arg type="Point">573d29a1-c5e9-4bc2-9bbf-bf2b7a282d1f</arg>
    <arg type="Point">624b2d07-3611-45e2-a8c1-6e2d4919cc10</arg>
    <arg type="Point">4dd1da69-21d3-4131-9025-8d52580b1406</arg>
    <arg type="Point">0bf3a528-b6d5-444b-b73d-2c193d368895</arg>
    <arg type="Point">3979adfd-e10f-42cd-afca-50f62e98bf62</arg>
    <arg type="Point">6648f977-1647-44dd-997a-4380478b51da</arg>
    <arg type="Point">e449c688-30d8-4801-92ec-d9e5bf5bd2c8</arg>
    <arg type="Point">c80aa8fb-2bad-494e-bccc-b2c23c0346c8</arg>
    <arg type="Point">518d3d97-4401-4bb2-8a40-cc64a5dd8c51</arg>
    <arg type="Point">decaef69-b843-4b7c-b5a5-c916260d2512</arg>
    <arg type="Point">31eb050c-60a9-438b-b72d-e609c1a85962</arg>
    <arg type="Point">32e93485-6628-4049-b0d5-5d5c1bc64c42</arg>
    <arg type="Point">f494e474-6e50-4db0-9cc1-8466124eda21</arg>
    <arg type="Point">152c3830-2860-41a5-824f-cd5126fd6ec1</arg>
    <arg type="Point">627e6947-06c1-4ae7-8269-e9940c191eb1</arg>
    <arg type="Point">53af8c4b-265d-472d-a537-95f1aa2b633d</arg>
    <arg type="Point">7d1c1136-ac6c-4eb1-bf38-af99bfeccfd2</arg>
    <arg type="Point">d07d217c-7ad2-4566-8d99-2bea7fcb5b24</arg>
    <arg type="Point">74bbde57-9e02-4da3-a0dd-7c5eecec7085</arg>
    <arg type="Point">2b2cdbbc-12b9-46c7-ae57-b155e619f80a</arg>
    <arg type="Point">fbeb87f5-695e-41ca-a840-12d3947aa164</arg>
    <arg type="Point">8aada945-76e7-4129-9ee9-109c2502fbd2</arg>
    <arg type="Point">fbfb7505-51e2-4f1d-8417-b86ea3396a9a</arg>
    <arg type="Point">dbd46a98-03eb-4bd4-b8ec-2bc46584d3f2</arg>
    <arg type="Point">c0e445e0-62c3-49eb-823a-393fee8978c2</arg>
    <arg type="Point">ab166d07-f3c6-4f68-98c3-13e00ba6e26f</arg>
    <arg type="Point">3400e3fc-5020-4e30-9527-f04f8a1c2aea</arg>
    <arg type="Point">7faef484-41eb-4f19-b3c5-7dfc9dead3ac</arg>
    <arg type="Point">eb25574c-0acf-4f9a-8c29-af90a7576dcc</arg>
    <arg type="Point">bae00c5a-4806-4355-a22d-7587933c68fc</arg>
    <arg type="Point">d5f35adc-5da4-4802-b785-d8d6a93c430a</arg>
    <arg type="Point">02d71fab-3c02-444d-89f5-6006970722ac</arg>
    <arg type="Point">8f29a380-c6b7-4adb-be86-81eb48804400</arg>
    <arg type="Point">ffa99208-e5b7-41e9-9cff-c32f92d4aba0</arg>
    <arg type="Point">7044f2c8-4699-4340-b31a-14ece6d8b2a8</arg>
    <arg type="Point">e692c51c-31d9-47ba-81cf-c0f2096fd752</arg>
    <arg type="Point">b88e6812-032e-4136-88c0-00c8fdc70f3e</arg>
    <arg type="Point">771faa2e-12a5-4afa-9564-c6cb7c6103ed</arg>
    <arg type="Point">bec3a377-1676-4fa1-b7d7-6045847a99d7</arg>
    <arg type="Point">332fb635-6517-4a2b-a3b3-aab1cdd937de</arg>
    <arg type="Point">25fcfecc-771f-4541-a687-0cf3087f131d</arg>
    <arg type="Point">01e0e2cb-614b-49fc-9ac3-41f06d385370</arg>
    <arg type="Point">765367eb-2edf-479d-b20b-da094d15d6eb</arg>
    <arg type="Point">da187736-1c90-4e9d-a2fe-6446a49a28b4</arg>
    <arg type="Point">ca830b01-9628-4d10-bb8b-7545d12e4edc</arg>
    <arg type="Point">5ddee74f-9be6-4522-b149-6d111a711ff8</arg>
    <arg type="Point">8d23dd6c-b98e-4ca7-b214-84a4a0423aea</arg>
    <arg type="Point">0b5af5cd-eac5-482d-a5fb-fbf9ef7735b3</arg>
    <arg type="Point">0d39c05b-fd45-4549-aac1-1c92f1d2965c</arg>
    <arg type="Point">612c4fe0-712a-4b14-a6dd-3e923ddd7c37</arg>
    <arg type="Point">1ad20702-85e8-4c99-80ee-4ed7a11cae19</arg>
    <arg type="Point">ede92068-a727-4785-84bf-34f16e683653</arg>
    <arg type="Point">6acf281f-829c-42db-b9f0-e1abfc10845f</arg>
    <arg type="Point">fec610f8-ee53-44d3-92d0-88d718c57024</arg>
    <arg type="Point">e94d2996-cc6e-48fa-ab6f-c0b61fa258b9</arg>
    <arg type="Point">fe95d163-963f-4500-8bbc-de509379b130</arg>
    <arg type="Point">2cbd26c9-347c-448e-9d4e-210468ed8c51</arg>
    <arg type="Point">959468a3-1c39-4e5e-8098-3fe496ddfcbb</arg>
    <arg type="Point">88c07687-30f5-4c2a-84d8-ab0e27a3671f</arg>
    <arg type="Point">922f1983-402b-4eac-b6cb-53413b285e30</arg>
    <arg type="Point">04a8b82d-bd78-4891-8df3-32563db88332</arg>
    <arg type="Point">307c8611-e911-4f82-8338-b7a9495ef883</arg>
    <arg type="Point">7e93d53a-a3fe-411e-8119-0216809f1459</arg>
    <arg type="Point">05c035b4-c085-4566-810c-e07542c7ff1f</arg>
    <arg type="Point">6d432aa7-4192-41b2-b38b-62d85df836a1</arg>
    <arg type="Point">76e18c44-cc17-41b4-8b8c-5ecb12c8434d</arg>
    <arg type="Point">25f16295-c6fa-4cfb-b2d4-7596f8087029</arg>
    <arg type="Point">69acf9b8-47e2-451b-b181-447fa84b4b4e</arg>
    <arg type="Point">188eb69d-3e18-4ec1-93a8-58facc22830d</arg>
    <arg type="Point">fb1e8b9c-6e49-4ecf-a4ff-749914eeacd1</arg>
    <arg type="Point">e25d84c1-a778-4ea9-85d5-7d6536a58101</arg>
    <arg type="Point">69f6171a-d0b3-449b-891e-a1e3de964482</arg>
    <arg type="Point">c207d73f-feec-4d28-a62f-10454db23213</arg>
    <arg type="Point">eea13f42-f21f-4fa4-8a6b-a7aa6599515e</arg>
    <arg type="Point">7ce9a11d-147f-45ae-93d6-8f9fbd05c310</arg>
    <arg type="Point">e56eaf9c-f978-4c7b-ac3b-e57d9a63d36e</arg>
    <arg type="Point">58fdf961-e9d7-4f78-bbfd-f82d0bc0cd68</arg>
    <arg type="Point">8a279cdd-9bcf-420a-9064-eba86372dfd6</arg>
    <arg type="Point">3c055414-9ebe-42a6-a4cd-018add668bb6</arg>
    <arg type="Point">0a3e21ec-315d-43dd-8a4f-fed7db8e1d34</arg>
    <arg type="Point">6fd4bcac-8695-470f-905d-f277e5696911</arg>
    <arg type="Point">cbaf93c3-f820-4f3a-a222-85e215fc7504</arg>
    <arg type="Point">3cfe4575-2e4e-48cd-bb90-6a3525f5eb86</arg>
    <arg type="Point">da37acb6-ced4-4663-b7b6-4f68e9dfcdda</arg>
    <arg type="Point">d36fe638-73f2-44f2-86ec-f7e90417d0df</arg>
    <arg type="Point">bf3dcb7d-74cc-49a5-a6aa-cebab6f14e45</arg>
    <arg type="Point">71566077-d938-470a-a5f9-3209bbfa10f1</arg>
    <arg type="Point">009557cc-b1ad-4290-9627-7c9add5a2715</arg>
    <arg type="Point">dd8556d9-31e0-417c-8a12-0482330590ef</arg>
    <arg type="Point">9b7de120-b6ee-499a-b3e8-514476516b40</arg>
    <arg type="Point">4bbebf75-36bd-44e1-97bd-4b0a6831a85d</arg>
    <arg type="Point">8f59016f-7643-485d-8b2b-dd4160020d89</arg>
    <arg type="Point">3658d144-28d7-481b-818f-3aa0acf8c76b</arg>
    <arg type="Point">b0349ec6-9666-4819-bbac-8421e1c13c81</arg>
    <arg type="Point">04d827c5-611f-4a7f-bf6a-66a457a936ff</arg>
    <arg type="Point">d4ac1d2c-0efd-4991-8f69-5af3c1e8a575</arg>
    <arg type="Point">3da73373-b659-4d3a-a20d-55abc8d145d5</arg>
    <arg type="Point">ab0cdf5d-bdc0-4736-8a37-57321b87db6a</arg>
    <arg type="Point">97fe69b4-7e07-46fb-8a5c-15075de1279c</arg>
    <arg type="Point">7c49207e-0a01-42a9-8ef8-d51bbc1a7539</arg>
    <arg type="Point">9893b826-c694-442d-a8bb-5dc64ca69148</arg>
    <arg type="Point">2397ffb8-d942-40e4-8089-e471121360c3</arg>
    <arg type="Point">c07be940-5188-4c15-a6fb-a0623088f8a8</arg>
    <arg type="Point">ec6bf6cf-d486-4089-ab7a-0812a127c824</arg>
    <arg type="Point">998dc80e-d81b-4e24-aa6c-7ab33b0ea0df</arg>
    <arg type="Point">82b9e3e4-eea8-4f86-b6de-ce3002e70152</arg>
    <arg type="Point">8d88466c-67d0-4406-b07e-c6367df80bf5</arg>
    <arg type="Point">033c5caa-dfca-45d5-8de5-009a18fa7b2a</arg>
    <arg type="Point">57f2cf26-3f58-4807-b9c1-3a71bdc09c67</arg>
    <arg type="Point">9b03fbe9-0c7c-4ae4-889f-cfc8f1d9afba</arg>
    <arg type="Point">2389b8af-908b-46a0-a899-377e6b88ab1a</arg>
    <arg type="Point">f4f1542d-df97-442e-a9ab-c7cf7abcc65d</arg>
  </shape>
  <point id="2649bd1e-bc66-49d0-a77e-a9fb2f5bcaa7" x="3305" y="9966" time="1180113657038" pressure="23" name="point" />
  <point id="9100ff38-929a-4cef-b571-670c86de0de1" x="3330" y="9952" time="1180113657046" pressure="29" name="point" />
  <point id="fb73136e-789a-40ed-bf1d-50a8ae369960" x="3354" y="9935" time="1180113657053" pressure="34" name="point" />
  <point id="5417ce46-6f8a-4e63-b10b-b774509e2d00" x="3378" y="9922" time="1180113657061" pressure="40" name="point" />
  <point id="d700b03d-6c9d-4d8e-88a3-1eafb2fc7c52" x="3400" y="9906" time="1180113657068" pressure="45" name="point" />
  <point id="fd454964-ab46-48d3-bf3f-64a297979015" x="3422" y="9893" time="1180113657076" pressure="50" name="point" />
  <point id="d7eb9556-653c-4d5e-9326-beab877eb594" x="3445" y="9877" time="1180113657083" pressure="53" name="point" />
  <point id="0308184e-9f90-452b-abd0-e601f3885821" x="3465" y="9863" time="1180113657091" pressure="57" name="point" />
  <point id="31d8b83a-2071-4277-acef-e9eac9b90b64" x="3486" y="9848" time="1180113657098" pressure="60" name="point" />
  <point id="d0d596a8-2e76-4966-b512-f57cf079da80" x="3505" y="9835" time="1180113657106" pressure="64" name="point" />
  <point id="a8ec0ef8-369c-4c2b-80aa-8e63441bafba" x="3524" y="9819" time="1180113657113" pressure="68" name="point" />
  <point id="268440d2-8efe-48e2-aa11-67f23cbb979a" x="3543" y="9804" time="1180113657121" pressure="72" name="point" />
  <point id="73c8c2b5-51da-4b55-9b2d-33f5f6e36a99" x="3561" y="9788" time="1180113657128" pressure="76" name="point" />
  <point id="9bc5141c-1073-4a52-8e4b-2d43c9dacd1f" x="3582" y="9772" time="1180113657136" pressure="80" name="point" />
  <point id="d59dd371-a8de-4e42-a95f-39cf365ac32a" x="3599" y="9759" time="1180113657143" pressure="85" name="point" />
  <point id="a232a1c3-7c26-436e-a372-26a6f4b79f52" x="3621" y="9743" time="1180113657151" pressure="89" name="point" />
  <point id="b038c549-4c73-4981-a4f7-1ec27ef1108f" x="3644" y="9729" time="1180113657158" pressure="92" name="point" />
  <point id="349d0e00-c7b9-4616-a955-1fe236feea3f" x="3668" y="9711" time="1180113657166" pressure="94" name="point" />
  <point id="ba96b4c1-03b8-476c-80ee-08e33a29852a" x="3691" y="9695" time="1180113657173" pressure="96" name="point" />
  <point id="485f257b-4f8e-4518-93b1-5c8b26d57588" x="3717" y="9677" time="1180113657181" pressure="98" name="point" />
  <point id="0aea0a04-33cf-4aff-aff8-513d2cae7a2f" x="3746" y="9658" time="1180113657188" pressure="100" name="point" />
  <point id="a7ec7aa9-97b7-4b1a-85b8-5fb099b894cc" x="3776" y="9637" time="1180113657196" pressure="102" name="point" />
  <point id="e1db517e-5bdb-4849-bd11-fba558925a14" x="3809" y="9614" time="1180113657203" pressure="104" name="point" />
  <point id="8a1f53fc-cc91-45ee-9b91-ce16af99de95" x="3916" y="9538" time="1180113657211" pressure="110" name="point" />
  <point id="5d71c1fa-12ca-49a1-b764-1e1509c7a212" x="3956" y="9511" time="1180113657218" pressure="112" name="point" />
  <point id="ec7860fb-9c38-42b3-866a-1b23d4ba2230" x="4039" y="9453" time="1180113657226" pressure="115" name="point" />
  <point id="958d56bb-c574-459e-9fcc-e4ac9b290e23" x="4081" y="9424" time="1180113657235" pressure="116" name="point" />
  <point id="cf857884-40b0-40bd-8591-fee1983e17c2" x="4124" y="9395" time="1180113657243" pressure="118" name="point" />
  <point id="f35f32ab-78e1-4372-9a26-177d59009ae2" x="4165" y="9364" time="1180113657251" pressure="119" name="point" />
  <point id="8970905d-11e4-4f11-9e02-ab0d5b1ff4a1" x="4207" y="9338" time="1180113657259" pressure="121" name="point" />
  <point id="7025a777-4f1e-4f8a-bd3e-c44ad522b04f" x="4247" y="9308" time="1180113657268" pressure="123" name="point" />
  <point id="bc9eac5e-f2e0-4c4a-9db2-2d0146e41e73" x="4288" y="9281" time="1180113657275" pressure="125" name="point" />
  <point id="5f473aae-edea-41a0-8491-3be4b735f649" x="4326" y="9253" time="1180113657284" pressure="127" name="point" />
  <point id="c1b56346-f790-4a39-83bf-14987c6c868e" x="4366" y="9226" time="1180113657292" pressure="130" name="point" />
  <point id="89343697-3b6c-4e72-9ebd-b89d201847ad" x="4403" y="9199" time="1180113657299" pressure="133" name="point" />
  <point id="33d05fd9-31b2-4066-b057-f89714859d12" x="4444" y="9171" time="1180113657307" pressure="136" name="point" />
  <point id="a9919a17-6e2d-4066-b1ed-439de458338e" x="4485" y="9142" time="1180113657314" pressure="138" name="point" />
  <point id="ff25aca6-b8d4-44a7-8a7e-29d2822a61ac" x="4528" y="9116" time="1180113657322" pressure="141" name="point" />
  <point id="082ec76c-e80f-406f-a887-e5ae8a7ff1c0" x="4567" y="9086" time="1180113657329" pressure="143" name="point" />
  <point id="c4a815f5-a11e-46a8-92fb-f2feb1c5e5f2" x="4609" y="9058" time="1180113657337" pressure="146" name="point" />
  <point id="69719710-3438-45b0-a2b6-33aab5378978" x="4653" y="9027" time="1180113657344" pressure="149" name="point" />
  <point id="ab5bf22a-6c06-4a59-b024-24059644eb1f" x="4699" y="8999" time="1180113657352" pressure="151" name="point" />
  <point id="1467f6b0-0be9-4421-8fa8-09b713f004f0" x="4743" y="8967" time="1180113657359" pressure="154" name="point" />
  <point id="60224bed-b2c1-4e37-a595-3e0296bc5646" x="4788" y="8939" time="1180113657367" pressure="156" name="point" />
  <point id="de8385de-b5a3-412e-a655-4bad4f469fb0" x="4831" y="8907" time="1180113657374" pressure="159" name="point" />
  <point id="f422c29b-9d85-427c-9ab2-965ed2562071" x="4875" y="8875" time="1180113657382" pressure="162" name="point" />
  <point id="3a43407b-9b97-4914-ae3b-17d5cd885424" x="4918" y="8840" time="1180113657389" pressure="165" name="point" />
  <point id="a6123daf-3318-4358-bc05-e146e0d2bbf3" x="4964" y="8808" time="1180113657397" pressure="168" name="point" />
  <point id="40ca2b5f-29f4-434b-b218-72f851d45e2e" x="5006" y="8773" time="1180113657405" pressure="172" name="point" />
  <point id="847b3a76-7b8e-44fa-8881-804c71d622ef" x="5051" y="8739" time="1180113657412" pressure="174" name="point" />
  <point id="ae6df86a-99b1-4bf8-9277-8c09f9e668ac" x="5094" y="8703" time="1180113657420" pressure="177" name="point" />
  <point id="a2762b80-08f8-4f54-94a8-40848ff04d31" x="5140" y="8668" time="1180113657427" pressure="179" name="point" />
  <point id="902311dc-a61a-4425-ada7-901f1f1a2066" x="5186" y="8633" time="1180113657435" pressure="181" name="point" />
  <point id="f11c736e-4b5e-44a6-babb-d483a6655f39" x="5235" y="8601" time="1180113657442" pressure="183" name="point" />
  <point id="a86d8c0e-1bc0-4eb6-986b-92ec1babc1c4" x="5282" y="8567" time="1180113657450" pressure="186" name="point" />
  <point id="2ebb1707-d761-4cc8-a54a-70498dc4baa7" x="5330" y="8536" time="1180113657458" pressure="189" name="point" />
  <point id="fb63527f-c854-4530-8275-83e94d454676" x="5380" y="8501" time="1180113657466" pressure="191" name="point" />
  <point id="4ff31fc0-69bb-4d54-9f33-ce026d626d69" x="5433" y="8468" time="1180113657474" pressure="194" name="point" />
  <point id="769008e8-784d-4769-b295-fdf6a67f62e5" x="5483" y="8432" time="1180113657482" pressure="196" name="point" />
  <point id="98ead5ed-706d-4bb9-a368-bbd47548b12a" x="5538" y="8399" time="1180113657489" pressure="198" name="point" />
  <point id="cd887520-21bd-4d58-8b53-eaa91fe0a8a4" x="5590" y="8364" time="1180113657497" pressure="200" name="point" />
  <point id="70724bc9-4c75-4a8e-a5fb-aed4018cb02c" x="5646" y="8330" time="1180113657504" pressure="203" name="point" />
  <point id="08a93a7d-a025-4b7e-9c90-03f929791d99" x="5700" y="8292" time="1180113657512" pressure="204" name="point" />
  <point id="c9e6e1e3-2476-4d14-911f-b85d6ad09fb5" x="5754" y="8256" time="1180113657519" pressure="206" name="point" />
  <point id="bf935408-a53f-4454-a0d4-e07ff55f9e01" x="5807" y="8220" time="1180113657527" pressure="207" name="point" />
  <point id="d32043f5-1bbe-4d99-bada-faa5c57b1157" x="5862" y="8184" time="1180113657534" pressure="209" name="point" />
  <point id="0ddb15e8-bada-469d-a425-a44dfcb6a4a7" x="5916" y="8147" time="1180113657542" pressure="210" name="point" />
  <point id="49e4274f-ca2c-4b38-99d1-7c3473188c2c" x="5974" y="8112" time="1180113657549" pressure="211" name="point" />
  <point id="84045b6b-9b4b-4cfe-abb8-5b0b0dded55f" x="6030" y="8074" time="1180113657557" pressure="213" name="point" />
  <point id="6f427092-8646-4ad7-bc41-2a56657a0126" x="6088" y="8037" time="1180113657564" pressure="213" name="point" />
  <point id="9efc22fd-16dc-4d51-bf16-4e8fa67b72fe" x="6147" y="7999" time="1180113657572" pressure="215" name="point" />
  <point id="ac4e516c-fdd3-4aeb-820a-049e6f084f7d" x="6207" y="7963" time="1180113657580" pressure="216" name="point" />
  <point id="14c0d7d9-53f9-440c-b0e8-e10c91e74adb" x="6267" y="7925" time="1180113657587" pressure="218" name="point" />
  <point id="ce2f8da8-07da-483a-b473-ef5d93a27346" x="6330" y="7888" time="1180113657595" pressure="219" name="point" />
  <point id="39459bc6-ac8e-4633-8f17-5d3fae3c6d56" x="6395" y="7852" time="1180113657602" pressure="220" name="point" />
  <point id="778e1822-8338-47de-ae53-7696a8a1fbbb" x="6459" y="7812" time="1180113657610" pressure="221" name="point" />
  <point id="6c6f9ca5-afa3-4c9d-bfbd-37dcd3ad00d9" x="6524" y="7771" time="1180113657617" pressure="222" name="point" />
  <point id="40ac34e2-1922-4816-8da7-929c386e39a8" x="6590" y="7730" time="1180113657625" pressure="224" name="point" />
  <point id="24609dac-0bab-4b5e-8b5f-8181ec0864a8" x="6660" y="7689" time="1180113657632" pressure="225" name="point" />
  <point id="2a5ee91f-725a-4830-8f41-60b6ba205af4" x="6731" y="7648" time="1180113657640" pressure="226" name="point" />
  <point id="cb9b545e-31e1-4e44-9c6c-6072aad76cba" x="6803" y="7603" time="1180113657647" pressure="227" name="point" />
  <point id="d4a46026-5c4f-454a-a939-d1a9e11a45d2" x="6875" y="7559" time="1180113657655" pressure="229" name="point" />
  <point id="df1f72c0-3d45-4d5a-997e-925da48160bb" x="6949" y="7511" time="1180113657662" pressure="230" name="point" />
  <point id="a346a875-63f4-4dcc-b701-8cca359e9aef" x="7024" y="7467" time="1180113657670" pressure="231" name="point" />
  <point id="2eb60b0f-558a-430e-9794-204491662035" x="7096" y="7419" time="1180113657677" pressure="233" name="point" />
  <point id="fbacd137-bffd-48bf-a9f4-b02fb099f4eb" x="7175" y="7372" time="1180113657685" pressure="234" name="point" />
  <point id="7c81186d-1a80-4cbf-8b95-a75e0a07c0fd" x="7251" y="7323" time="1180113657692" pressure="236" name="point" />
  <point id="2c6aaa17-aaad-4907-a3f1-e3a3a8ea0f11" x="7330" y="7275" time="1180113657700" pressure="237" name="point" />
  <point id="894a507c-ba74-47e9-aa22-d8d8cf5d2d7a" x="7412" y="7226" time="1180113657707" pressure="239" name="point" />
  <point id="5e9c375f-cff2-4cf1-aef9-d2f97486fea2" x="7493" y="7177" time="1180113657715" pressure="240" name="point" />
  <point id="52040126-cb39-4b13-8366-b9210d326c22" x="7575" y="7128" time="1180113657722" pressure="241" name="point" />
  <point id="7cbbe88e-462d-4864-ac87-3fd03736edfe" x="7660" y="7078" time="1180113657730" pressure="242" name="point" />
  <point id="6dfa78c0-f872-4fd1-aa52-853e9fe587fd" x="7743" y="7027" time="1180113657737" pressure="242" name="point" />
  <point id="a5df8202-02a2-4820-8a86-2349dadd960d" x="7826" y="6977" time="1180113657745" pressure="243" name="point" />
  <point id="6a1f2fe4-2d56-4c3f-a83a-6379d3aabd4a" x="7911" y="6925" time="1180113657752" pressure="244" name="point" />
  <point id="2eb967f8-b037-45a6-914d-5840f76e6973" x="7995" y="6874" time="1180113657760" pressure="245" name="point" />
  <point id="573d29a1-c5e9-4bc2-9bbf-bf2b7a282d1f" x="8079" y="6819" time="1180113657767" pressure="245" name="point" />
  <point id="624b2d07-3611-45e2-a8c1-6e2d4919cc10" x="8165" y="6766" time="1180113657775" pressure="246" name="point" />
  <point id="4dd1da69-21d3-4131-9025-8d52580b1406" x="8251" y="6712" time="1180113657783" pressure="247" name="point" />
  <point id="0bf3a528-b6d5-444b-b73d-2c193d368895" x="8335" y="6656" time="1180113657790" pressure="248" name="point" />
  <point id="3979adfd-e10f-42cd-afca-50f62e98bf62" x="8421" y="6601" time="1180113657798" pressure="249" name="point" />
  <point id="6648f977-1647-44dd-997a-4380478b51da" x="8506" y="6547" time="1180113657805" pressure="249" name="point" />
  <point id="e449c688-30d8-4801-92ec-d9e5bf5bd2c8" x="8590" y="6496" time="1180113657813" pressure="250" name="point" />
  <point id="c80aa8fb-2bad-494e-bccc-b2c23c0346c8" x="8674" y="6445" time="1180113657820" pressure="250" name="point" />
  <point id="518d3d97-4401-4bb2-8a40-cc64a5dd8c51" x="8757" y="6394" time="1180113657828" pressure="251" name="point" />
  <point id="decaef69-b843-4b7c-b5a5-c916260d2512" x="8838" y="6342" time="1180113657835" pressure="251" name="point" />
  <point id="31eb050c-60a9-438b-b72d-e609c1a85962" x="8919" y="6294" time="1180113657843" pressure="251" name="point" />
  <point id="32e93485-6628-4049-b0d5-5d5c1bc64c42" x="8997" y="6247" time="1180113657850" pressure="252" name="point" />
  <point id="f494e474-6e50-4db0-9cc1-8466124eda21" x="9077" y="6202" time="1180113657858" pressure="252" name="point" />
  <point id="152c3830-2860-41a5-824f-cd5126fd6ec1" x="9156" y="6157" time="1180113657865" pressure="253" name="point" />
  <point id="627e6947-06c1-4ae7-8269-e9940c191eb1" x="9232" y="6110" time="1180113657873" pressure="255" name="point" />
  <point id="53af8c4b-265d-472d-a537-95f1aa2b633d" x="9307" y="6063" time="1180113657880" pressure="255" name="point" />
  <point id="7d1c1136-ac6c-4eb1-bf38-af99bfeccfd2" x="9381" y="6021" time="1180113657888" pressure="255" name="point" />
  <point id="d07d217c-7ad2-4566-8d99-2bea7fcb5b24" x="9456" y="5977" time="1180113657895" pressure="255" name="point" />
  <point id="74bbde57-9e02-4da3-a0dd-7c5eecec7085" x="9532" y="5937" time="1180113657903" pressure="255" name="point" />
  <point id="2b2cdbbc-12b9-46c7-ae57-b155e619f80a" x="9607" y="5894" time="1180113657910" pressure="255" name="point" />
  <point id="fbeb87f5-695e-41ca-a840-12d3947aa164" x="9678" y="5853" time="1180113657918" pressure="255" name="point" />
  <point id="8aada945-76e7-4129-9ee9-109c2502fbd2" x="9750" y="5813" time="1180113657925" pressure="255" name="point" />
  <point id="fbfb7505-51e2-4f1d-8417-b86ea3396a9a" x="9824" y="5778" time="1180113657933" pressure="255" name="point" />
  <point id="dbd46a98-03eb-4bd4-b8ec-2bc46584d3f2" x="9894" y="5743" time="1180113657940" pressure="255" name="point" />
  <point id="c0e445e0-62c3-49eb-823a-393fee8978c2" x="9963" y="5709" time="1180113657948" pressure="255" name="point" />
  <point id="ab166d07-f3c6-4f68-98c3-13e00ba6e26f" x="10028" y="5673" time="1180113657955" pressure="255" name="point" />
  <point id="3400e3fc-5020-4e30-9527-f04f8a1c2aea" x="10092" y="5638" time="1180113657963" pressure="255" name="point" />
  <point id="7faef484-41eb-4f19-b3c5-7dfc9dead3ac" x="10157" y="5603" time="1180113657970" pressure="255" name="point" />
  <point id="eb25574c-0acf-4f9a-8c29-af90a7576dcc" x="10222" y="5567" time="1180113657978" pressure="255" name="point" />
  <point id="bae00c5a-4806-4355-a22d-7587933c68fc" x="10290" y="5533" time="1180113657986" pressure="255" name="point" />
  <point id="d5f35adc-5da4-4802-b785-d8d6a93c430a" x="10355" y="5497" time="1180113657993" pressure="255" name="point" />
  <point id="02d71fab-3c02-444d-89f5-6006970722ac" x="10419" y="5461" time="1180113658001" pressure="255" name="point" />
  <point id="8f29a380-c6b7-4adb-be86-81eb48804400" x="10484" y="5424" time="1180113658008" pressure="255" name="point" />
  <point id="ffa99208-e5b7-41e9-9cff-c32f92d4aba0" x="10550" y="5391" time="1180113658016" pressure="255" name="point" />
  <point id="7044f2c8-4699-4340-b31a-14ece6d8b2a8" x="10613" y="5356" time="1180113658023" pressure="255" name="point" />
  <point id="e692c51c-31d9-47ba-81cf-c0f2096fd752" x="10676" y="5320" time="1180113658031" pressure="255" name="point" />
  <point id="b88e6812-032e-4136-88c0-00c8fdc70f3e" x="10735" y="5285" time="1180113658038" pressure="255" name="point" />
  <point id="771faa2e-12a5-4afa-9564-c6cb7c6103ed" x="10796" y="5250" time="1180113658046" pressure="255" name="point" />
  <point id="bec3a377-1676-4fa1-b7d7-6045847a99d7" x="10855" y="5216" time="1180113658053" pressure="255" name="point" />
  <point id="332fb635-6517-4a2b-a3b3-aab1cdd937de" x="10915" y="5179" time="1180113658061" pressure="255" name="point" />
  <point id="25fcfecc-771f-4541-a687-0cf3087f131d" x="10977" y="5144" time="1180113658068" pressure="255" name="point" />
  <point id="01e0e2cb-614b-49fc-9ac3-41f06d385370" x="11036" y="5110" time="1180113658076" pressure="255" name="point" />
  <point id="765367eb-2edf-479d-b20b-da094d15d6eb" x="11097" y="5076" time="1180113658083" pressure="255" name="point" />
  <point id="da187736-1c90-4e9d-a2fe-6446a49a28b4" x="11157" y="5041" time="1180113658091" pressure="255" name="point" />
  <point id="ca830b01-9628-4d10-bb8b-7545d12e4edc" x="11215" y="5011" time="1180113658098" pressure="255" name="point" />
  <point id="5ddee74f-9be6-4522-b149-6d111a711ff8" x="11272" y="4977" time="1180113658106" pressure="255" name="point" />
  <point id="8d23dd6c-b98e-4ca7-b214-84a4a0423aea" x="11330" y="4944" time="1180113658113" pressure="255" name="point" />
  <point id="0b5af5cd-eac5-482d-a5fb-fbf9ef7735b3" x="11384" y="4911" time="1180113658121" pressure="255" name="point" />
  <point id="0d39c05b-fd45-4549-aac1-1c92f1d2965c" x="11437" y="4880" time="1180113658128" pressure="255" name="point" />
  <point id="612c4fe0-712a-4b14-a6dd-3e923ddd7c37" x="11491" y="4851" time="1180113658136" pressure="255" name="point" />
  <point id="1ad20702-85e8-4c99-80ee-4ed7a11cae19" x="11544" y="4824" time="1180113658143" pressure="255" name="point" />
  <point id="ede92068-a727-4785-84bf-34f16e683653" x="11599" y="4799" time="1180113658151" pressure="255" name="point" />
  <point id="6acf281f-829c-42db-b9f0-e1abfc10845f" x="11657" y="4774" time="1180113658158" pressure="255" name="point" />
  <point id="fec610f8-ee53-44d3-92d0-88d718c57024" x="11713" y="4751" time="1180113658166" pressure="255" name="point" />
  <point id="e94d2996-cc6e-48fa-ab6f-c0b61fa258b9" x="11770" y="4729" time="1180113658173" pressure="255" name="point" />
  <point id="fe95d163-963f-4500-8bbc-de509379b130" x="11826" y="4708" time="1180113658181" pressure="255" name="point" />
  <point id="2cbd26c9-347c-448e-9d4e-210468ed8c51" x="11881" y="4686" time="1180113658189" pressure="255" name="point" />
  <point id="959468a3-1c39-4e5e-8098-3fe496ddfcbb" x="11933" y="4665" time="1180113658196" pressure="255" name="point" />
  <point id="88c07687-30f5-4c2a-84d8-ab0e27a3671f" x="11985" y="4641" time="1180113658204" pressure="255" name="point" />
  <point id="922f1983-402b-4eac-b6cb-53413b285e30" x="12030" y="4617" time="1180113658211" pressure="255" name="point" />
  <point id="04a8b82d-bd78-4891-8df3-32563db88332" x="12069" y="4591" time="1180113658219" pressure="255" name="point" />
  <point id="307c8611-e911-4f82-8338-b7a9495ef883" x="12107" y="4565" time="1180113658226" pressure="255" name="point" />
  <point id="7e93d53a-a3fe-411e-8119-0216809f1459" x="12143" y="4542" time="1180113658234" pressure="255" name="point" />
  <point id="05c035b4-c085-4566-810c-e07542c7ff1f" x="12179" y="4520" time="1180113658241" pressure="255" name="point" />
  <point id="6d432aa7-4192-41b2-b38b-62d85df836a1" x="12211" y="4499" time="1180113658249" pressure="255" name="point" />
  <point id="76e18c44-cc17-41b4-8b8c-5ecb12c8434d" x="12242" y="4477" time="1180113658256" pressure="255" name="point" />
  <point id="25f16295-c6fa-4cfb-b2d4-7596f8087029" x="12271" y="4456" time="1180113658264" pressure="255" name="point" />
  <point id="69acf9b8-47e2-451b-b181-447fa84b4b4e" x="12302" y="4437" time="1180113658271" pressure="255" name="point" />
  <point id="188eb69d-3e18-4ec1-93a8-58facc22830d" x="12331" y="4420" time="1180113658279" pressure="255" name="point" />
  <point id="fb1e8b9c-6e49-4ecf-a4ff-749914eeacd1" x="12359" y="4401" time="1180113658286" pressure="255" name="point" />
  <point id="e25d84c1-a778-4ea9-85d5-7d6536a58101" x="12386" y="4380" time="1180113658294" pressure="255" name="point" />
  <point id="69f6171a-d0b3-449b-891e-a1e3de964482" x="12411" y="4361" time="1180113658301" pressure="255" name="point" />
  <point id="c207d73f-feec-4d28-a62f-10454db23213" x="12438" y="4341" time="1180113658309" pressure="255" name="point" />
  <point id="eea13f42-f21f-4fa4-8a6b-a7aa6599515e" x="12463" y="4324" time="1180113658316" pressure="255" name="point" />
  <point id="7ce9a11d-147f-45ae-93d6-8f9fbd05c310" x="12488" y="4305" time="1180113658324" pressure="255" name="point" />
  <point id="e56eaf9c-f978-4c7b-ac3b-e57d9a63d36e" x="12514" y="4286" time="1180113658331" pressure="255" name="point" />
  <point id="58fdf961-e9d7-4f78-bbfd-f82d0bc0cd68" x="12540" y="4268" time="1180113658339" pressure="255" name="point" />
  <point id="8a279cdd-9bcf-420a-9064-eba86372dfd6" x="12568" y="4249" time="1180113658346" pressure="255" name="point" />
  <point id="3c055414-9ebe-42a6-a4cd-018add668bb6" x="12596" y="4229" time="1180113658354" pressure="255" name="point" />
  <point id="0a3e21ec-315d-43dd-8a4f-fed7db8e1d34" x="12625" y="4209" time="1180113658361" pressure="255" name="point" />
  <point id="6fd4bcac-8695-470f-905d-f277e5696911" x="12655" y="4189" time="1180113658369" pressure="255" name="point" />
  <point id="cbaf93c3-f820-4f3a-a222-85e215fc7504" x="12685" y="4169" time="1180113658376" pressure="255" name="point" />
  <point id="3cfe4575-2e4e-48cd-bb90-6a3525f5eb86" x="12714" y="4151" time="1180113658384" pressure="255" name="point" />
  <point id="da37acb6-ced4-4663-b7b6-4f68e9dfcdda" x="12746" y="4131" time="1180113658392" pressure="255" name="point" />
  <point id="d36fe638-73f2-44f2-86ec-f7e90417d0df" x="12778" y="4110" time="1180113658399" pressure="255" name="point" />
  <point id="bf3dcb7d-74cc-49a5-a6aa-cebab6f14e45" x="12811" y="4089" time="1180113658407" pressure="255" name="point" />
  <point id="71566077-d938-470a-a5f9-3209bbfa10f1" x="12846" y="4067" time="1180113658414" pressure="255" name="point" />
  <point id="009557cc-b1ad-4290-9627-7c9add5a2715" x="12882" y="4046" time="1180113658422" pressure="255" name="point" />
  <point id="dd8556d9-31e0-417c-8a12-0482330590ef" x="12919" y="4024" time="1180113658429" pressure="255" name="point" />
  <point id="9b7de120-b6ee-499a-b3e8-514476516b40" x="12960" y="3999" time="1180113658437" pressure="255" name="point" />
  <point id="4bbebf75-36bd-44e1-97bd-4b0a6831a85d" x="13003" y="3972" time="1180113658444" pressure="255" name="point" />
  <point id="8f59016f-7643-485d-8b2b-dd4160020d89" x="13045" y="3944" time="1180113658452" pressure="255" name="point" />
  <point id="3658d144-28d7-481b-818f-3aa0acf8c76b" x="13088" y="3919" time="1180113658459" pressure="255" name="point" />
  <point id="b0349ec6-9666-4819-bbac-8421e1c13c81" x="13132" y="3894" time="1180113658467" pressure="255" name="point" />
  <point id="04d827c5-611f-4a7f-bf6a-66a457a936ff" x="13176" y="3871" time="1180113658474" pressure="255" name="point" />
  <point id="d4ac1d2c-0efd-4991-8f69-5af3c1e8a575" x="13218" y="3844" time="1180113658482" pressure="255" name="point" />
  <point id="3da73373-b659-4d3a-a20d-55abc8d145d5" x="13259" y="3821" time="1180113658489" pressure="255" name="point" />
  <point id="ab0cdf5d-bdc0-4736-8a37-57321b87db6a" x="13296" y="3800" time="1180113658497" pressure="255" name="point" />
  <point id="97fe69b4-7e07-46fb-8a5c-15075de1279c" x="13328" y="3784" time="1180113658504" pressure="255" name="point" />
  <point id="7c49207e-0a01-42a9-8ef8-d51bbc1a7539" x="13358" y="3767" time="1180113658512" pressure="255" name="point" />
  <point id="9893b826-c694-442d-a8bb-5dc64ca69148" x="13384" y="3753" time="1180113658519" pressure="255" name="point" />
  <point id="2397ffb8-d942-40e4-8089-e471121360c3" x="13403" y="3739" time="1180113658527" pressure="255" name="point" />
  <point id="c07be940-5188-4c15-a6fb-a0623088f8a8" x="13420" y="3726" time="1180113658534" pressure="255" name="point" />
  <point id="ec6bf6cf-d486-4089-ab7a-0812a127c824" x="13433" y="3718" time="1180113658542" pressure="255" name="point" />
  <point id="998dc80e-d81b-4e24-aa6c-7ab33b0ea0df" x="13443" y="3711" time="1180113658549" pressure="255" name="point" />
  <point id="82b9e3e4-eea8-4f86-b6de-ce3002e70152" x="13443" y="3711" time="1180113658557" pressure="255" name="point" />
  <point id="8d88466c-67d0-4406-b07e-c6367df80bf5" x="13456" y="3696" time="1180113658564" pressure="255" name="point" />
  <point id="033c5caa-dfca-45d5-8de5-009a18fa7b2a" x="13457" y="3685" time="1180113658572" pressure="253" name="point" />
  <point id="57f2cf26-3f58-4807-b9c1-3a71bdc09c67" x="13457" y="3685" time="1180113658579" pressure="218" name="point" />
  <point id="9b03fbe9-0c7c-4ae4-889f-cfc8f1d9afba" x="13467" y="3676" time="1180113658587" pressure="174" name="point" />
  <point id="2389b8af-908b-46a0-a899-377e6b88ab1a" x="13467" y="3676" time="1180113658595" pressure="129" name="point" />
  <point id="f4f1542d-df97-442e-a9ab-c7cf7abcc65d" x="13472" y="3661" time="1180113658602" pressure="86" name="point" />
</sketch>